{"cameraMode":{"drawMode":0,"name":"Shaded","section":"Shading Mode"},"sceneLighting":true,"audioPlay":false,"sceneViewState":{"m_AlwaysRefresh":false,"showFog":true,"showSkybox":true,"showFlares":true,"showImageEffects":true,"showParticleSystems":true,"showVisualEffectGraphs":true,"m_FxEnabled":true},"in2DMode":false,"pivot":{"x":-18.1722469329834,"y":223.27178955078126,"z":-14.700590133666993},"rotation":{"x":0.3637693524360657,"y":0.007267424836754799,"z":-0.0028658586088567974,"w":0.9314885139465332},"size":533.8366088867188,"orthographic":false}